{"cameraMode":{"drawMode":0,"name":"Shaded","section":"Shading Mode"},"sceneLighting":false,"audioPlay":false,"sceneViewState":{"m_AlwaysRefresh":false,"showFog":true,"showSkybox":false,"showFlares":true,"showImageEffects":true,"showParticleSystems":true,"showVisualEffectGraphs":true,"m_FxEnabled":true},"in2DMode":false,"pivot":{"x":0.002618074417114258,"y":0.9605703353881836,"z":0.013494819402694703},"rotation":{"x":-0.24808333814144135,"y":0.02818305976688862,"z":-0.007220617029815912,"w":-0.9683016538619995},"size":1.4724699258804322,"orthographic":false}