{"cameraMode":{"drawMode":0,"name":"Shaded","section":"Shading Mode"},"sceneLighting":false,"audioPlay":false,"sceneViewState":{"m_AlwaysRefresh":false,"showFog":false,"showSkybox":false,"showFlares":false,"showImageEffects":false,"showParticleSystems":false,"showVisualEffectGraphs":true,"m_FxEnabled":false},"in2DMode":false,"pivot":{"x":0.00007987022399902344,"y":1.0775392055511475,"z":0.04227196425199509},"rotation":{"x":-0.1250685155391693,"y":0.19130776822566987,"z":-0.02458498254418373,"w":-0.9732187986373901},"size":1.5911662578582764,"orthographic":false}